id,text
uwb-atcc_TWR-0AMqtR_000000_000713_PIAT,easy eight two eight uniform line up runway one three and wait to runway inspection that s copied line up and wait easy eight two eight uniform
uwb-atcc_TWR-0b24HJ_000063_000157_PI,tower
uwb-atcc_TWR-0b24HJ_000270_000343_PI,nine fi
uwb-atcc_TWR-0b24HJ_000560_000942_AT,csa nine five six ruzyne tower line up runway one three and wait
uwb-atcc_TWR-0b24HJ_000969_001112_PI,line up one three and wait cs
uwb-atcc_TWR-0C2QD3_000093_000707_PIAT,ruzyne tower csa nine six six ready for departure one three csa nine six six line up runway one three
uwb-atcc_TWR-0C2QD3_000832_001065_PI,lining up runway one three csa nine si
uwb-atcc_TWR-0EThn8_000154_000430_PI,oscar kilo bravo yankee romeo
uwb-atcc_TWR-0EThn8_000496_001086_AT,oscar kilo bravo yankee romeo
uwb-atcc_TWR-0EThn8_001301_001680_AT,boeing
uwb-atcc_TWR-0EThn8_002291_002369_PI,oscar yankee romeo
uwb-atcc_TWR-0EThn8_003268_003779_AT,shamrock six four four runway three one clear to land wind zero six zero degrees and five knots
uwb-atcc_TWR-0EThn8_003804_003963_PI,clear to land shamrock six four four
uwb-atcc_TWR-0J9tPU_000083_000691_PIAT,csa seven bravo juliett contact ground one two one nine two one nine csa seven bravo juliett
uwb-atcc_TWR-0J9tPU_001213_001660_PI,ruzyne tower csa six nine one established ils three one
uwb-atcc_TWR-0J9tPU_001822_002298_AT,break jobair zero seven two runway three one cleared to land wind one nine zero degrees three knots
uwb-atcc_TWR-0J9tPU_002338_002477_PI,cleared to land at three one job
uwb-atcc_TWR-0J9tPU_002612_002927_AT,csa six nine one tower continue approach runway three one
uwb-atcc_TWR-0J9tPU_002996_003175_PI,continue approach csa six nine one
uwb-atcc_TWR-0jGoka_000110_000284_PI,ruzyne tower victor tango charlie alfa
uwb-atcc_TWR-0jGoka_000478_000834_AT,v tango charlie alfa papa tower good morning stop at holding point
uwb-atcc_TWR-0jGoka_000952_001027_PI,t charlie alfa pa
uwb-atcc_TWR-0MXLA0_000117_000573_AT,nor shuttle one five zero two runway three one cleared to land wind two three zero degrees six knots
uwb-atcc_TWR-0MXLA0_000630_000900_PI,cleared to land three one nor shuttle one five zero zero
uwb-atcc_TWR-0P3ne5_000075_000570_AT,german wings seven papa runway three one cleared to land wind two two zero degrees four knots
uwb-atcc_TWR-0P3ne5_000625_000913_PI,german wings seven papa cleared to land runway three one
uwb-atcc_TWR-0qKeGq_000000_000178_PI,good
uwb-atcc_TWR-0qKeGq_000204_000327_PI,evening air malta five
uwb-atcc_TWR-0qKeGq_000411_000496_PI,holding short
uwb-atcc_TWR-0qKeGq_000570_000848_AT,hello air malta five two nine ruzyne tower roger
uwb-atcc_TWR-0qKeGq_000944_001246_AT,speed bird two zero uniform reduce speed one five zero knots
uwb-atcc_TWR-0qKeGq_001305_001385_PI,roger reduce sp
uwb-atcc_TWR-0rVQ4F_000000_000350_PI,ruzyne tower csa eight zero four we are ready
uwb-atcc_TWR-0rVQ4F_000350_000914_PIAT,csa eight zero four ruzyne tower line up runway one three line up one three csa eight zero four
uwb-atcc_TWR-0yMX97_000124_000378_PI,ruzyne tower csa two zulu alfa ils one
uwb-atcc_TWR-0yMX97_000514_000813_AT,csa two zulu alfa ruzyne tower continue approach
uwb-atcc_TWR-0yMX97_000894_000966_PI,continue
uwb-atcc_TWR-0ZxkoE_000000_000246_AT,easy two delta lima papa lima groun
uwb-atcc_TWR-0ZxkoE_000378_000794_PI,papa lima ground one two one decimal nine csa two delta lima
uwb-atcc_TWR-0ZxkoE_000959_001110_AT,aero flot one four four runway one three clea
uwb-atcc_TWR-0ZxkoE_001161_001352_AT,ind zero nine zero degrees six knots bye
uwb-atcc_TWR-0ZxkoE_001394_001729_PI,takeoff runway one three aero flot one four four have a nice day
uwb-atcc_TWR-0ZxkoE_002318_002710_AT,ruzyne tower csa two mike charlie established ils one
uwb-atcc_TWR-0ZxkoE_002814_002973_AT,easy two mike charlie conti
uwb-atcc_TWR-0ZxkoE_003094_003202_PI,continue approach
uwb-atcc_TWR-1A2Kox_000098_000624_AT,swiss four seven three charlie runway three one cleared for takeoff wind one eight zero degrees four knots good bye
uwb-atcc_TWR-1A2Kox_000680_001181_PIAT,clear takeoff runway three one swiss four seven three charlie
uwb-atcc_TWR-1A2Kox_001511_001725_PI,tower good day speed bird eight five five fully ready
uwb-atcc_TWR-1A2Kox_001868_002179_AT,speed bird eight five five ruzyne tower good afternoon roger
uwb-atcc_TWR-1bYkTi_000000_000451_PI,tower eight five zero zero ils runway three one
uwb-atcc_TWR-1bYkTi_000476_000826_AT,southern air eight five zero zero tower good morning continue approach
uwb-atcc_TWR-1bYkTi_001469_002039_PIAT,lufthansa two hotel tango contact ground one two one nine good bye
uwb-atcc_TWR-1bYkTi_002187_002730_AT,lufthansa seven eight seven runway three one cleared for takeoff wind one six zero degrees three knots good bye
uwb-atcc_TWR-1bYkTi_002730_003073_PI,lufthansa seven eight seven heavy cleared for takeoff runway three bye bye thanks
uwb-atcc_TWR-1Cww5E_000000_000426_AT,csa five one seven contact ruzyne ground one two one decimal nine
uwb-atcc_TWR-1Cww5E_000461_000643_PI,two nine csa seven seven
uwb-atcc_TWR-1Cww5E_000792_001291_AT,turkish one seven six seven runway three one cleared to land wind one six zero degrees four knots
uwb-atcc_TWR-1Cww5E_001319_001653_PI,cleared to land runway three one turkish one seven six seven
uwb-atcc_TWR-1d6lRa_000000_000401_AT,malev eight two zero runway three one clear to land wind one nine zero degrees
uwb-atcc_TWR-1d6lRa_000488_000758_PI,clear to land three one malev eight two zero
uwb-atcc_TWR-1EL4cM_000252_000700_PI,ruzyne tower hello cimber three five two six taxiing for three one fully ready
uwb-atcc_TWR-1EL4cM_000822_001180_AT,hello cimber three five two six ruzyne tower roger line up run
uwb-atcc_TWR-1EL4cM_001396_001638_PI,at three one and wait cimber three five two six
uwb-atcc_TWR-1NNyL3_000066_000573_AT,csa two eight whiskey runway three one cleared for takeoff wind two one zero degrees six knots
uwb-atcc_TWR-1NNyL3_000624_000980_PI,runway three one cleared for takeoff csa two whiskey
uwb-atcc_TWR-1NNyL3_001376_001664_PI,good morning nor shuttle one five one four with you established on the
uwb-atcc_TWR-1NNyL3_001841_002253_AT,nor shuttle one five one four ruzyne tower good afternoon roger
uwb-atcc_TWR-1VLSU9_000081_000648_AT,csa seven eight eight runway one three cleared for takeoff wind zero three zero degrees express arrival three miles
uwb-atcc_TWR-1VLSU9_000673_000783_PI,cleared for takeoff
uwb-atcc_TWR-1VLSU9_000818_000977_PI,runway one three csa seven eight eight
uwb-atcc_TWR-1Wp6vR_000073_000763_PIAT,csa seven three zero runway three one cleared for takeoff wind one eight zero degrees three knots cleared for takeoff three one s
uwb-atcc_TWR-1Wp6vR_000763_000927_PI,csa seven three zero
uwb-atcc_TWR-2BJeKV_000126_000425_AT,csa seven echo charlie line up runway one three
uwb-atcc_TWR-2BJeKV_000474_000706_PI,line up runway one three csa seven echo charlie
uwb-atcc_TWR-2itS52_000059_000288_PI,and ready for departure opera three hundred
uwb-atcc_TWR-2itS52_000726_001464_AT,opera three zero zero roger runway one three line up cleared for takeoff wind three five zero two knots
uwb-atcc_TWR-2itS52_001572_001843_PI,runway one three cleared for takeoff opera jet three hundred
uwb-atcc_TWR-2KXTqd_000171_000793_AT,lufthansa nine juliett charlie traffic information helicopter just landing on heliport
uwb-atcc_TWR-2KXTqd_000793_001385_AT,at the airport it s right of treshold of runway three one will not cross your track
uwb-atcc_TWR-2KXTqd_001464_001744_PI,thank you lufthansa nine two
uwb-atcc_TWR-2KXTqd_001898_002359_AT,lufthansa nine juliett charlie runway three one clear to land wind zero two zero degrees three knots
uwb-atcc_TWR-2KXTqd_002444_002630_AT,lufthansa nine zero eight charlie clear to land runway
uwb-atcc_TWR-2n8DpH_000000_000703_PI,ruzyne tower sky travel six eight two stand three november one zero one eight and ready for clearance
uwb-atcc_TWR-2n8DpH_000767_001183_AT,sky travel six eight two ruzyne delivery startup approve
uwb-atcc_TWR-2n8DpH_001266_001431_AT,time check five two cleared to
uwb-atcc_TWR-2n8DpH_001487_001946_AT,destinations via one departure squawk one four four seven
uwb-atcc_TWR-2n8DpH_002145_002868_PI,runway one three for departure and follow one hotel squawk one four four seven startup approved sky travel six eight two
uwb-atcc_TWR-2Pm1BT_000000_000387_AT,csa three mike zulu contact ruzyne ground one two one decimal nine
uwb-atcc_TWR-2Pm1BT_000424_000719_PI,one two one decimal nine csa three mike zulu
uwb-atcc_TWR-2Pm1BT_000810_001271_AT,malev eight two one runway three one cleared for takeoff wind one six zero degrees five knots good bye
uwb-atcc_TWR-2Pm1BT_001318_001692_PI,clear takeoff runway three one malev eight two one bye bye
uwb-atcc_TWR-2q5DLf_000117_000345_AT,sky travel six six one vacate left
uwb-atcc_TWR-2q5DLf_000366_000473_AT,take
uwb-atcc_TWR-2q5DLf_000517_000638_AT,runway
uwb-atcc_TWR-2q5DLf_000666_000933_AT,ok take taxiway romeo and contact ground one two one point nine
uwb-atcc_TWR-2q5DLf_001006_001201_PI,to the left one two one nine sky travel six
uwb-atcc_TWR-2QDfzA_000142_000913_PIAT,tower csa seven two six holding position runway one three csa seven two six ok ready
uwb-atcc_TWR-2QDfzA_000939_001060_PI,ffirmative ready
uwb-atcc_TWR-2r3zbF_000206_000495_AT,speed bird eight five five line up runway three one and wait
uwb-atcc_TWR-2r3zbF_000563_000840_PI,line up and wait runway three one speed bird eight five five
uwb-atcc_TWR-2vHaI0_000084_000170_PI,sky travel si
uwb-atcc_TWR-2vHaI0_000191_000313_PI,one eight ready for taxi
uwb-atcc_TWR-2vHaI0_000360_000529_AT,sky travel six one eight
uwb-atcc_TWR-2vHaI0_000576_000806_AT,hotel lima hold
uwb-atcc_TWR-2vHaI0_000972_001254_PI,via hotel lima holding two four sky travel
uwb-atcc_TWR-2vHaI0_001289_001364_PI,six one eight
uwb-atcc_TWR-2vs0P5_000000_000476_AT,beair one four zero vacat golf contact ground one two one nine
uwb-atcc_TWR-2vs0P5_000607_000777_PI,golf one two one decimal nine beair one four zer
uwb-atcc_TWR-2yV7BA_000112_000664_PI,eene tower easy six six five established ils at one three at ten miles
uwb-atcc_TWR-2yV7BA_000664_001102_AT,easy three zero six five runway one three cleared to land wind zero six zero seven knots
uwb-atcc_TWR-2yV7BA_001158_001324_PI,one three easy three zero six five
uwb-atcc_TWR-2zLryk_000160_000356_AT,oliver golf alfa line up runway three o
uwb-atcc_TWR-2zLryk_000476_000560_PI,runway three one o
uwb-atcc_TWR-3bXCkx_000000_000191_AT,lufthansa seven echo lima runway three one
uwb-atcc_TWR-3bXCkx_000235_000389_AT,crosswind one zero zero four knots
uwb-atcc_TWR-3bXCkx_000638_000716_PI,way three one to
uwb-atcc_TWR-3G2Ene_000000_000448_PIAT,csa seven eight six line up runway three one line up three one csa seven eight si
uwb-atcc_TWR-3Iqpqh_000000_000472_AT,csa four eight one runway one three cleared to land three five zero degrees three knots
uwb-atcc_TWR-3Iqpqh_000509_000753_PI,csa four eight one runway one three cleared to land
uwb-atcc_TWR-3l7OqS_000000_000492_PIAT,csa four victor papa line up runway three one line up runway three one csa four victor papp
uwb-atcc_TWR-3lJAs7_000204_000794_AT,csa seven tango departing traffic airbus three one nine runway three one cleared for immediate takeoff wind one eight zero
uwb-atcc_TWR-3lJAs7_000869_001223_PIAT,cleared for takeoff csa seven tango
uwb-atcc_TWR-3lJAs7_002147_002328_AT,csa seven tango immediate
uwb-atcc_TWR-3OaTZx_000086_000532_AT,csa nine seven seven contact ruzyne ground one two one decimal nine
uwb-atcc_TWR-3OaTZx_000598_000707_PI,one two one decimal ni
uwb-atcc_TWR-3OaTZx_000739_000814_PI,csa nine sev
uwb-atcc_TWR-3OaTZx_000959_001604_AT,csa five seven three runway three one clear to land wind one nine zero degrees three knots expedite vacating via golf
uwb-atcc_TWR-3OaTZx_001639_002082_PI,runway three one clear to land expediting vacating via golf csa
uwb-atcc_TWR-3PsKV3_000174_000488_AT,sky travel one zero three six line up runway one three
uwb-atcc_TWR-3PsKV3_000555_000632_PI,line up ran
uwb-atcc_TWR-3PsKV3_000671_000840_PI,one three sky travel one zero three si
uwb-atcc_TWR-3PsKV3_001224_001714_AT,lufthansa three romeo kilo vacate to the left and contact ruzyne ground one two one decimal nine
uwb-atcc_TWR-3PsKV3_001812_002041_PI,hansa three romeo kilo left off one two one nine good bye
uwb-atcc_TWR-3q2F9Z_000173_000649_AT,csa five four four runway one three clear to takeoff wind zero two zero degrees four knots
uwb-atcc_TWR-3q2F9Z_000649_001011_PI,cleared for takeoff runway one three csa five four four
uwb-atcc_TWR-3q2F9Z_001011_001541_AT,channex eight seven papa romeo to the left taxiway lima and contact ruzyne ground one two one decimal nine good bye
uwb-atcc_TWR-3q2F9Z_001723_001846_PI,via lima and ground
uwb-atcc_TWR-3stI8i_000056_000547_AT,twin star eight eight seven runway three one clear to land wind one four zero degrees four knots
uwb-atcc_TWR-3stI8i_000606_000779_PI,to land runway three one twin star eight eight
uwb-atcc_TWR-3UfLl3_000276_000738_AT,zulu mike sierra four taxi right via delta contact ground one two one nine good bye
uwb-atcc_TWR-3UfLl3_000802_000919_PI,right via delta one two one ni
uwb-atcc_TWR-3UfLl3_001497_002252_PIAT,austrian seven zero five papa runway three one clear to land wind two zero zero degrees five knots clear to land three one austrian seven zero five papa
uwb-atcc_TWR-3xPZ7m_000213_000927_PIAT,ruzyne tower lufthansa eight echo november is eight miles three one lufthansa eight echo november ruzyne tower roger
uwb-atcc_TWR-3y4Y9G_000158_000644_AT,csa three foxtrot runway three one clear to land wind one five zero degrees four knots
uwb-atcc_TWR-3y4Y9G_000714_000986_PI,runway three one clear to land csa three foxtrot
uwb-atcc_TWR-4AXVhV_000000_000731_PIAT,csa zero five contact ground one two one nine one two one decimal nine csa zero five
uwb-atcc_TWR-4AXVhV_000795_001261_AT,csa four yankee alfa runway three one cleared to land wind one nine zero degrees two knots
uwb-atcc_TWR-4AXVhV_001337_001637_PI,red to land runway three one csa four yankee alfa
uwb-atcc_TWR-4G2Gft_000136_000358_PI,ne tower csa fo
uwb-atcc_TWR-4G2Gft_000513_000750_AT,csa four nine two tower report ready
uwb-atcc_TWR-4G2Gft_000770_000868_PI,we are ready
uwb-atcc_TWR-4IzCX3_000195_000365_AT,quality has asked you to stop
uwb-atcc_TWR-4lLwQY_000140_000498_PI,tower yangtze river seven four six zero switch to departure good day
uwb-atcc_TWR-4lLwQY_000581_000798_AT,good day one two zero five two five bye
uwb-atcc_TWR-4lLwQY_000835_000915_PI,bye bye
uwb-atcc_TWR-4nID1r_000098_000766_PIAT,csa six bravo charlie contact ruzyne ground one two one decimal nine one two one decimal nine six bravo charlie
uwb-atcc_TWR-4nID1r_000826_001602_PIAT,lot five romeo whiskey runway three one cleared for takeoff wind one nine zero degrees four knots bye cleared for takeoff run runway three one
uwb-atcc_TWR-4nID1r_002566_002865_PI,prague malev eight two one runway two two ready
uwb-atcc_TWR-4nID1r_002920_003278_AT,dobry den malev eight two one ruzyne tower roger
uwb-atcc_TWR-4Sap7y_000000_000334_AT,jobair zero five one papa runway three one cleared to land wind calm
uwb-atcc_TWR-4Sap7y_000403_000561_PI,runway three one cleared to land jobair zero
uwb-atcc_TWR-4Sap7y_000781_000947_AT,follow
uwb-atcc_TWR-4vJq1U_000164_000467_PI,tower csa six two two ready any time
uwb-atcc_TWR-4vJq1U_000503_000756_AT,csa six two two ruzyne tower roger
uwb-atcc_TWR-4vJq1U_001512_001926_PIAT,csa eight two eight line up runway three one lining up three one csa eight two eight
uwb-atcc_TWR-4yXgzw_000137_000404_PI,ruzyne tower csa five zero nine visual approach
uwb-atcc_TWR-4yXgzw_000437_000565_PI,way one three
uwb-atcc_TWR-4yXgzw_000638_000873_AT,csa five zero nine proceed to final
uwb-atcc_TWR-4yXgzw_000939_001094_PI,proceed to final csa five zero nine
uwb-atcc_TWR-05bAq3_000525_001008_AT,good afternoon britair nine zero three ruzyne tower runway one three cleared to land wind zero two zero degree
uwb-atcc_TWR-5aYkvA_000169_000832_PIAT,csa eight seven nine contact ruzyne ground one two one nine one two one nine csa eight seven nine
uwb-atcc_TWR-5aYkvA_000903_001344_AT,csa six eight nine runway one three clear to land wind zero one zero degrees seven knots
uwb-atcc_TWR-5aYkvA_001399_001711_PI,clear to land runway one three csa six eight nine
uwb-atcc_TWR-5aYkvA_001889_002379_PI,ruzyne csa eight three five ils one three eight miles out
uwb-atcc_TWR-5aYkvA_002379_002806_AT,csa eight three five continue approach
uwb-atcc_TWR-5aYkvA_002806_003160_PIAT,nazdar miro
uwb-atcc_TWR-5dgEiA_000000_000285_AT,delta two ten contact ground one two one nine bye
uwb-atcc_TWR-5dgEiA_000332_000408_AT,one two one nine good by
uwb-atcc_TWR-5EzQcF_000099_000426_AT,csa seven three two one contact ground one two one nine
uwb-atcc_TWR-5EzQcF_000498_000571_PI,two nine
uwb-atcc_TWR-5EzQcF_001077_001596_AT,lufthansa eight november echo runway three one cleared for takeoff wind one seven zero degrees three knots bye
uwb-atcc_TWR-5EzQcF_001642_001880_PI,lufthansa eight november echo runway three one cleared for
uwb-atcc_TWR-5EzQcF_001911_001984_PI,bye bye
uwb-atcc_TWR-5flVVD_000161_000819_AT,eight romeo golf taxi to stand echo two bravo via golf bravo and zulu
uwb-atcc_TWR-5flVVD_000978_001217_PI,lf bravo zulu stand echo two bravo
uwb-atcc_TWR-5flVVD_001296_001427_PI,good day bye bye
uwb-atcc_TWR-5FzELj_001735_002213_AT,csa seven seven three runway three one cleared to land wind one four zero degrees four knots
uwb-atcc_TWR-5GpRm2_000705_000948_PI,prague tower delta two ten
uwb-atcc_TWR-5GpRm2_000994_001110_PI,three one
uwb-atcc_TWR-5GpRm2_001210_001560_AT,delta two ten good morning tower continue approach runway three one
uwb-atcc_TWR-5GpRm2_001598_001685_PI,ntinue approach
uwb-atcc_TWR-5HTpiM_000000_000551_AT,channex eight eight papa romeo runway one three cleared for takeoff wind zero six zero degrees five knots
uwb-atcc_TWR-5HTpiM_000689_000760_PI,takeoff
uwb-atcc_TWR-5HTpiM_001459_001556_PI,tower
uwb-atcc_TWR-5HTpiM_001592_001859_PI,zero one
uwb-atcc_TWR-5HTpiM_002261_002815_PI,course to heliport three report departure report estimation heading
uwb-atcc_TWR-5HTpiM_002815_003172_PI,two zero zero information romeo one zero
uwb-atcc_TWR-5HTpiM_003232_003303_PI,one nine
uwb-atcc_TWR-5HTpiM_003459_004092_AT,krystof zero one roger there is now departing traffic boeing seven three seven runway one three
uwb-atcc_TWR-5HTpiM_004180_004259_AT,so
uwb-atcc_TWR-5HTpiM_004328_004886_AT,qnh is one zero one eight wind is zero six zero five knots standby
uwb-atcc_TWR-5HTpiM_005211_005616_PI,traffic on runway one three in sight
uwb-atcc_TWR-5HTpiM_005644_005971_PI,qnh one zero one eight and standing
uwb-atcc_TWR-5HTpiM_006055_006171_AT,now
uwb-atcc_TWR-5HTpiM_006205_006705_AT,yes takeoff is approved out of heliport three proceed heading two zero zero
uwb-atcc_TWR-5HTpiM_006855_006933_PI,out of
uwb-atcc_TWR-5HTpiM_006962_007342_PI,departing traffic heading two zero zero
uwb-atcc_TWR-5HTpiM_007430_007597_AT,might wake up
uwb-atcc_TWR-5HTpiM_007622_007770_AT,mike wait what i sa
uwb-atcc_TWR-5HTpiM_008221_008380_AT,caution wake tubulence
uwb-atcc_TWR-5HTpiM_008421_008526_PI,caution wake turubu
uwb-atcc_TWR-5l5z6F_000000_000443_AT,austrian seven one zero papa runway one three cleared for takeoff wind zero five zero degrees five knots
uwb-atcc_TWR-5l5z6F_000631_000861_PI,cleared for takeoff one three austrian seven zero one papa
uwb-atcc_TWR-5l5z6F_000914_001165_PIAT,affirm bye bye
uwb-atcc_TWR-5l5z6F_001311_001995_PI,ruzyne tower three one three holding position runway one three taxiway golf
uwb-atcc_TWR-5l5z6F_001995_002306_AT,three one three ruzyne number two for departure
uwb-atcc_TWR-5Md2dN_000167_000476_PI,ruzyne tower csa eight tango
uwb-atcc_TWR-5Md2dN_000528_001071_AT,csa eight tango ruzyne tower runway three one clear to land wind one seven zero degrees five knots
uwb-atcc_TWR-5Md2dN_001187_001367_PI,three one clear to land csa eight tango
uwb-atcc_TWR-5pkOPJ_000000_000529_PI,one one seven six seven
uwb-atcc_TWR-5pkOPJ_000843_001054_AT,csa six three one report minimum clean speed
uwb-atcc_TWR-5pkOPJ_001888_002044_PI,sky travel one two double zero
uwb-atcc_TWR-5pkOPJ_002279_002571_AT,sky travel one two zero zero ruzyne tower roger
uwb-atcc_TWR-5rgq9J_000151_000577_AT,delta two one zero runway three one clear to land wind two zero zero degrees four knots
uwb-atcc_TWR-5rgq9J_000629_000703_PI,run
uwb-atcc_TWR-5UnxjA_000094_000616_AT,csa four zero six runway one three cleared for takeoff wind one seven zero degrees one knots
uwb-atcc_TWR-5UnxjA_000673_000907_PI,takeoff runway two four csa
uwb-atcc_TWR-5UnxjA_000946_001129_PI,one three csa
uwb-atcc_TWR-5UtWJq_000000_000498_AT,csa five zero five runway three one cleared to land wind two one zero degrees four knots
uwb-atcc_TWR-5UtWJq_000555_000770_PI,cleared to land runway three one csa five
uwb-atcc_TWR-5V2ozw_000000_000383_AT,wizz air four nine one stop at holding point two more landings
uwb-atcc_TWR-5V2ozw_000421_000627_PI,hold the holding point and we
uwb-atcc_TWR-5V2ozw_000651_000748_PI,wizz air four nine one
uwb-atcc_TWR-5vuolQ_000172_000754_PI,tower good mor good afternoon sky travel one zero three nine ten miles ils one thr
uwb-atcc_TWR-5vuolQ_000799_001145_AT,good afternoon sky travel one zero three nine ruzyne tower continue approach
uwb-atcc_TWR-5vuolQ_001221_001438_PI,continue approach sky travel one zero three nine
uwb-atcc_TWR-5WksWE_000000_000225_PI,sky travel six seven zero ready
uwb-atcc_TWR-5WksWE_000530_000771_AT,sky travel six seven zero roger line up
uwb-atcc_TWR-5WksWE_000800_000875_AT,way one three
uwb-atcc_TWR-5WksWE_001010_001263_AT,akeoff wind two three zero degrees
uwb-atcc_TWR-5WksWE_001422_001619_PI,lining up one three clear f
uwb-atcc_TWR-5WksWE_001726_001798_PI,six seven
uwb-atcc_TWR-5xBOGV_000000_000371_PI,ruzyne tower csa nine seven nine establish ils three o
uwb-atcc_TWR-5xBOGV_000537_000610_AT,nine ruzyne tower
uwb-atcc_TWR-5xBOGV_001156_001728_PIAT,wizz air five five six is holding point runway three one fully ready wizz air five five six line up runway three one
uwb-atcc_TWR-5xBOGV_001728_001967_PI,line up runway three one wizz air five five six
uwb-atcc_TWR-5YlIat_000000_000499_AT,speed bird four alfa charlie runway three one clear to land wind one eight zero degrees three knots
uwb-atcc_TWR-5YlIat_000555_000787_PI,clear to land runway three one speed bird four alfa charlie
uwb-atcc_TWR-5zhFXR_000208_000530_AT,lufthansa seven eight seven line up runway three one
uwb-atcc_TWR-5zhFXR_000588_000817_PI,hansa seven eight seven heavy lining up three one
uwb-atcc_TWR-6aSPle_000075_000612_AT,csa four mike bravo runway three one cleared for takeoff wind two zero zero degrees six knots
uwb-atcc_TWR-6aSPle_000612_000880_PI,cleared for takeoff runway three one csa four mike bravo
uwb-atcc_TWR-6B8smm_000124_000784_AT,csa six eight eight runway three one cleared for takeoff wind one seven zero degrees four knots traffic four miles final
uwb-atcc_TWR-6B8smm_000784_001140_PI,runway three one cleared for takeoff csa six eight eight
uwb-atcc_TWR-6B8smm_001140_001496_AT,wizz air five zero zero contact ruzyne ground one two one decimal nin
uwb-atcc_TWR-6B8smm_001598_001729_PI,one two one nine wizz air five one one bye
uwb-atcc_TWR-6B8smm_005046_005534_AT,csa eight mike three runway three one cleared to land wind one seven zero degrees three knots
uwb-atcc_TWR-6B8smm_005564_005803_PI,cleared to land runway three one csa eight five three
uwb-atcc_TWR-6b27FZ_000178_000921_PIAT,csa six two two runway three one cleared for takeoff wind one eight zero degrees five knots takeoff runway three one csa six two two
uwb-atcc_TWR-6f2WYe_000099_000527_AT,csa seven three two runway three one clear to land wind one seven zero degrees two knots
uwb-atcc_TWR-6m7Iaj_000180_000514_PI,csa six eight eight ready
uwb-atcc_TWR-6m7Iaj_000590_000817_AT,csa six eight eight ruzyne tower roger
uwb-atcc_TWR-6MZjsT_000000_000516_AT,speed bird eight five six runway one three clear to land wind zero three zero five kno
uwb-atcc_TWR-6MZjsT_000626_000811_PI,clear to land speed bird eight five six
uwb-atcc_TWR-6o4SrB_000136_000522_PI,tower csa eight mike three established ils three one reducing one sixty
uwb-atcc_TWR-6o4SrB_000566_001296_PIAT,csa eight mike three eight mike three ruzyne tower continue approach departure ahead airbus three two zero continue approach csa eight mike three
uwb-atcc_TWR-6o4SrB_001296_001672_AT,speed bird four alfa charlie contact ruzyne ground one two one decimal nine good bye
uwb-atcc_TWR-6o4SrB_001709_001880_PI,one two one nine speed bird four alfa charlie bye bye
uwb-atcc_TWR-6o4SrB_001934_002426_AT,wizz air five zero zero runway three one clear to land wind two zero zero degrees two knots
uwb-atcc_TWR-6o4SrB_002452_002688_PI,clear to land runway three one wizz air five hundred
uwb-atcc_TWR-6o4SrB_003044_003231_PI,oscar kilo bravo yankee ho
uwb-atcc_TWR-6o4SrB_005228_005833_PIAT,csa eight mike three reduce speed one five zero knots until four miles final reduce one fifty csa eight mike three
uwb-atcc_TWR-6PlhjT_000069_000484_PI,and sky travel one zero three four request push back clearance
uwb-atcc_TWR-6PlhjT_000556_000867_AT,sky travel one zero three four stand two six push approved
uwb-atcc_TWR-6PlhjT_000930_001227_PI,one two stand time two six sky travel one zero three four
uwb-atcc_TWR-6RowBv_000000_000170_AT,csa seven three two zero ready
uwb-atcc_TWR-6RowBv_000270_000367_PI,ready for departure cs
uwb-atcc_TWR-6RowBv_000544_001149_PIAT,csa seven three two zero line up runway three one cleared for takeoff wind calm line up three one csa
uwb-atcc_TWR-6TuGhy_000000_000569_AT,yes quality eight nine sierra we need to vacate the car from taxiway right of you now so when clear you can
uwb-atcc_TWR-6TuGhy_000630_000748_AT,i call you for that
uwb-atcc_TWR-6TuGhy_000799_001075_PI,ok we hold position and wait for instructions qual
uwb-atcc_TWR-6u1luL_000085_000836_AT,mike echo mike lima india runway three one cleared for takeoff wind one six zero degrees three knots airborne frequency one two zero decimal five two five
uwb-atcc_TWR-6u1luL_000919_000996_PI,cleared takeoff run
uwb-atcc_TWR-07dTd1_000000_000195_PI,csa one zulu alfa ready for immediate
uwb-atcc_TWR-07dTd1_000307_000587_AT,csa one zulu alfa roger line up runway three one be ready
uwb-atcc_TWR-07dTd1_000608_000893_PI,line up runway three one ready csa one zulu alfa
uwb-atcc_TWR-07dTd1_000923_001234_AT,lufthansa eight echo november reduce to final speed one more departure ahead
uwb-atcc_TWR-07dTd1_001258_001430_PI,eight echo november reducing
uwb-atcc_TWR-07dTd1_001987_002449_AT,csa one zulu alfa runway three one cleared for immediate takeoff wind one seven zero degrees four knots
uwb-atcc_TWR-07dTd1_002543_002763_PI,i have two four cleared for takeoff csa one zulu a
uwb-atcc_TWR-07dTd1_002813_003020_PI,fa
uwb-atcc_TWR-7aIEdK_000136_000227_PI,yne tower
uwb-atcc_TWR-7aIEdK_000668_000739_PI,november
uwb-atcc_TWR-7aIEdK_001287_001577_AT,csa three zero five zero
uwb-atcc_TWR-7aIEdK_001577_002300_AT,ruzyne delivery startup approved time check four nine cleared to hurghada via one hotel departure squawk one four four five
uwb-atcc_TWR-7aIEdK_003107_003179_PI,zero five zero
uwb-atcc_TWR-7aIEdK_003218_003377_AT,roger start and push approved
uwb-atcc_TWR-7aIEdK_004150_004937_PI,ruzyne tower csa two eight six on stand one one with information november one zero one eight
uwb-atcc_TWR-7aIEdK_004978_005090_PI,fully re ready
uwb-atcc_TWR-7aIEdK_005153_005267_PI,to tel aviv
uwb-atcc_TWR-7aIEdK_005416_005516_AT,csa
uwb-atcc_TWR-7aIEdK_005516_006266_AT,two eight six ruzyne delivery startup approved november current qnh one zero one eight time check five zero cleared to
uwb-atcc_TWR-7aIEdK_006266_006612_AT,tel aviv one hotel departure squawk one four four six
uwb-atcc_TWR-7aIEdK_007363_007856_PI,ok start approved one hotel and confirm squawk one four one one four four please
uwb-atcc_TWR-7aIEdK_007881_008048_AT,affirm one four four six
uwb-atcc_TWR-7gUBkk_000000_000613_PIAT,lufthansa nine echo lima line up runway one three and wait lufthansa nine echo lima lining up one three
uwb-atcc_TWR-7chJVY_000175_000458_PI,tower good evening beline six one golf delta holding short runway
uwb-atcc_TWR-7chJVY_000794_001022_AT,six one golf ruzyne tower roger
uwb-atcc_TWR-7i8smK_000177_000635_AT,csa eight echo charlie runway one three clear to land wind zero ni eight zero degrees five knots
uwb-atcc_TWR-7i8smK_000723_000917_PI,runway one three csa eight echo charlie
uwb-atcc_TWR-7iGqQg_000130_000512_PI,ruzyne tower csa seven three zero
uwb-atcc_TWR-7iGqQg_000664_000932_AT,csa seven three zero ruzyne tower
uwb-atcc_TWR-7Ktg08_000184_000825_AT,french navy five five alfa two wind one nine zero degrees five knots runway three one clear to land
uwb-atcc_TWR-7Ktg08_000850_001023_PI,clear to land one three five alfa two
uwb-atcc_TWR-7Ktg08_001227_001556_AT,oscar kilo echo uniform u
uwb-atcc_TWR-7Ktg08_001632_001735_PI,oscar kilo hotel uni
uwb-atcc_TWR-7Ktg08_001735_002289_PI,uniform u ultralight zephyr
uwb-atcc_TWR-7Ktg08_002608_003064_PI,kilo
uwb-atcc_TWR-7Ktg08_003367_003864_AT,oscar kilo hotel uniform u
uwb-atcc_TWR-7Ktg08_005478_005555_PI,ruzyne tower
uwb-atcc_TWR-7Ktg08_005900_006225_AT,swiss four six zero tango tower good morning continue approach
uwb-atcc_TWR-7lhsiw_000000_000633_PIAT,klm five five tango contact ruzyne ground one two one decimal nine good bye one two one nine sir nine
uwb-atcc_TWR-7lhsiw_000705_000781_PI,m five five tango
uwb-atcc_TWR-7lhsiw_001217_001773_AT,lufthansa nine kilo yankee runway three one clear to land wind three six zero degrees five knots
uwb-atcc_TWR-7lhsiw_001894_002098_PI,lufthansa nine kilo yankee clear land runway three one
uwb-atcc_TWR-7lhsiw_002187_002383_PI,praha jobair zero eight one
uwb-atcc_TWR-7lhsiw_002481_002722_AT,jobair zero eight one tower
uwb-atcc_TWR-7mN7kp_000000_000386_AT,csa two nine six turn runway one three cleared for takeoff wind two one zero degrees three knots
uwb-atcc_TWR-7OwDAB_000000_000372_AT,o kilo alfa lima yankee
uwb-atcc_TWR-7OwDAB_000591_000762_PI,oscar kilo alfa lima yankee
uwb-atcc_TWR-7PZmoW_000139_000413_AT,britair nine zero four charlie line up runway one three
uwb-atcc_TWR-7PZmoW_000438_000569_PI,line up runway
uwb-atcc_TWR-7PZmoW_000813_000993_PI,tower csa eight nine five
uwb-atcc_TWR-7PZmoW_001063_001363_AT,csa eight nine five ruzyne tower continue approach
uwb-atcc_TWR-7Qncin_000000_000250_PI,ruzyne tower csa nine two six
uwb-atcc_TWR-7Qncin_000294_000534_AT,csa nine two six tower
uwb-atcc_TWR-7RI7xn_000000_000313_PI,ruzyne tower good evening this is
uwb-atcc_TWR-7RI7xn_000377_000612_AT,lo contract one romeo golf ruzyne tower
uwb-atcc_TWR-7So9We_000078_000546_PI,ruzyne tower csa seven three one ils runway three one
uwb-atcc_TWR-7So9We_000588_001217_AT,csa seven three one ruzyne tower runway three one clear to land wind one eight zero degrees four knots
uwb-atcc_TWR-7So9We_001217_001531_PI,clear to land runway three one csa
uwb-atcc_TWR-7So9We_001531_001639_PI,seven three one
uwb-atcc_TWR-7SxoR3_000114_000686_AT,donavia three zero five runway three one clear to land wind three three zero degrees and three knots
uwb-atcc_TWR-7SxoR3_000710_000948_PI,clear to land runway three one donavia three zero five
uwb-atcc_TWR-8bduDw_000156_000455_AT,lufthansa eight kilo alfa line up and wait three one and wait
uwb-atcc_TWR-8bduDw_000582_000658_PI,eight kilo alfa li
uwb-atcc_TWR-8D5EwP_000069_000467_AT,csa nine six six runway one three cleared for takeoff wind zero eight zero degrees six knots
uwb-atcc_TWR-8D5EwP_000581_000778_PI,one three cleared for takeoff csa nine six
uwb-atcc_TWR-8Fe7t4_000225_000465_PI,praha tower good evening quality nine one romeo
uwb-atcc_TWR-8Fe7t4_001373_001607_AT,quality nine one romeo go ahead
uwb-atcc_TWR-8Fe7t4_002063_002438_AT,quality nine one romeo ruzyne tower startup approved time two seven
uwb-atcc_TWR-8Fe7t4_002460_002647_AT,clearance to via baltu
uwb-atcc_TWR-8Fe7t4_003411_003486_PI,so startup si a
uwb-atcc_TWR-8Fe7t4_003790_003861_PI,quali
uwb-atcc_TWR-8OrYW9_000175_000669_AT,nor shuttle three five eight one runway three one cleared for takeoff wind two two zero degrees six knots good bye
uwb-atcc_TWR-8OrYW9_000712_001175_PI,runway three one cleared for takeoff and we need another thirdy seconds behind departure
uwb-atcc_TWR-8Qjggs_000000_000762_PIAT,ruzyne tower csa eight zero eight three ils one three csa eight zero three ruzyne tower continue approach
uwb-atcc_TWR-8Qjggs_000855_000946_PI,wilco
uwb-atcc_TWR-8QLrts_000000_000370_PI,ruzyne tower csa five one six ready for departure
uwb-atcc_TWR-8QLrts_000450_001110_AT,csa five one six ruzyne tower roger behind landing traffic short final boeing seven three seven line up runway three one behind
uwb-atcc_TWR-8QLrts_001199_001474_PI,behind landing traffic on short final
uwb-atcc_TWR-8QLrts_001702_001782_PI,csa one s
uwb-atcc_TWR-8R39Mr_000179_000776_PIAT,yne tower csa eight eight one now established the ils one three csa eight eight one continue approach
uwb-atcc_TWR-8R39Mr_000977_001387_AT,csa three seven bravo runway one three clear to land wind zero one zero degrees six knots
uwb-atcc_TWR-8R39Mr_001432_001505_PI,clear to land
uwb-atcc_TWR-8rd7ds_000193_000399_PI,quality eight nine s
uwb-atcc_TWR-8rd7ds_000608_000969_AT,quality eight nine sierra taxi zulu hotel hold short of lima
uwb-atcc_TWR-8rd7ds_001078_001336_PI,zulu hotel hold short of lima quality eight ni
uwb-atcc_TWR-8SmwES_000000_000269_PI,ruzyne tower donavia three zero five
uwb-atcc_TWR-8SmwES_000391_000703_AT,donvaia three zero five ruzyne tower continue
uwb-atcc_TWR-8SmwES_000758_000951_PI,continue three one donavia three zero five
uwb-atcc_TWR-8UZ8xr_000092_000407_PI,ruzyne tower good turkish one seven six seven
uwb-atcc_TWR-8UZ8xr_000459_000753_AT,good morning turkish one seven six seven ruzyne tower
uwb-atcc_TWR-8wl7Du_000195_000713_PI,ruzyne tower csa seven three zero we re rejecked takeoff
uwb-atcc_TWR-8wl7Du_000713_001286_PI,we have a problem with with the power
uwb-atcc_TWR-8wl7Du_001551_002102_AT,csa seven three zero roger so you may vacate via papa or golf
uwb-atcc_TWR-8wl7Du_002142_002661_PI,just now we are turning to the right turn we call for the own technican call you back
uwb-atcc_TWR-8wl7Du_002749_002953_AT,roger when vacated runway con
uwb-atcc_TWR-8wl7Du_002953_003586_PIAT,tact ground one two one decimal nine one two one decimal nine csa seven three zero
uwb-atcc_TWR-8wl7Du_003871_004022_PI,praha tower good morni
uwb-atcc_TWR-8wl7Du_004061_004343_PI,seven eight seven heavy on the ils three one
uwb-atcc_TWR-8wl7Du_004468_004896_AT,hello lufthansa seven eight seven heavy ruzyne tower continue approach
uwb-atcc_TWR-8wl7Du_004985_005272_PI,roger and confirm that we are cleared for the ils approach
uwb-atcc_TWR-8wl7Du_005325_005575_PI,affirm cleared ils approach runway three one
uwb-atcc_TWR-8wl7Du_005609_005817_PI,roger lufthansa seven eight seven cleared
uwb-atcc_TWR-8YMGWQ_000140_000650_AT,csa seven six five runway three one clear to land wind one six zero degrees four knots
uwb-atcc_TWR-8YMGWQ_000703_000841_PI,clear to land three one csa
uwb-atcc_TWR-9A8VKQ_000149_000358_PI,ruzyne tower hello britair nine zero
uwb-atcc_TWR-9A8VKQ_000592_000892_PI,lima we are fully ready
uwb-atcc_TWR-9A8VKQ_000933_001244_AT,britair nine zero four charlie ruzyne tower good afternoon roger
uwb-atcc_TWR-9dvbpz_002497_003097_AT,air france one nine eight romeo runway one three cleared for takeoff wind zero one zero degrees seven knots
uwb-atcc_TWR-9dvbpz_003129_003494_PI,clear takeoff runway one three air france one nine eight romeo
uwb-atcc_TWR-9dvbpz_003540_003976_AT,izrael two five to the left and the ground one two one point nine
uwb-atcc_TWR-9dvbpz_004067_004264_PI,aero flot one four eight nine zero two five
uwb-atcc_TWR-9Gn7sZ_000266_000499_PI,holding short one three ready
uwb-atcc_TWR-9Gn7sZ_000569_000942_AT,lufthansa seven romeo golf line up runway one three and wait
uwb-atcc_TWR-9Gn7sZ_000989_001147_PI,line up one three and wait
uwb-atcc_TWR-9Ht02x_000160_000295_PI,prague yangzte river se
uwb-atcc_TWR-9Ht02x_000337_000457_PI,six zero request taxi
uwb-atcc_TWR-9Ht02x_000544_000718_AT,yangzte river seven four
uwb-atcc_TWR-9Ht02x_000741_001416_AT,six zero taxi to holding point runway three one via zulu bravo golf lima
uwb-atcc_TWR-9Ht02x_001739_001848_PI,zulu bravo golf li
uwb-atcc_TWR-9Ht02x_001914_002169_PI,clear to taxi to holding point runway three one
uwb-atcc_TWR-9Ht02x_002462_003037_AT,and tower beline seven zero victor is entering runway two two three one we are ready for departure
uwb-atcc_TWR-9Ht02x_003102_003864_PIAT,belin seven zero victor roger line up runway three one cleared for takeoff wind calm good bye cleared for line up and takeoff
uwb-atcc_TWR-9Ht02x_003886_004234_PI,runway three one have a nice day madame beline seven zero victor bye
uwb-atcc_TWR-9Ht02x_004306_004401_AT,same to you thank you
uwb-atcc_TWR-9HxW6o_000077_000850_PIAT,and prague tower hello cimber three five two five ils three one cimber three five two five hello ruzyne tower continue approach
uwb-atcc_TWR-9HxW6o_001099_001352_PI,tower hello german wings seven hotel ready for
uwb-atcc_TWR-9HxW6o_001432_001722_AT,german wings seven hotel hello ruzyne tower roger
uwb-atcc_TWR-9HxW6o_002498_003010_AT,cimber three five two five traffic information low vfr helicopter crossing right to left
uwb-atcc_TWR-9HxW6o_003010_003304_AT,and proceeding south west
uwb-atcc_TWR-9HxW6o_003361_003651_PI,ok we are looking for the helicopter three five two five
uwb-atcc_TWR-9HxW6o_003703_003896_AT,twelve o clock now four miles
uwb-atcc_TWR-9HxW6o_004352_004705_AT,csa seven seven three contact ground one two one decimal nine
uwb-atcc_TWR-9HxW6o_004840_004911_PI,csa seven seven
uwb-atcc_TWR-9Iu4HV_000000_000507_PI,ruzyne tower csa four bravo echo
uwb-atcc_TWR-9Iu4HV_000571_000809_AT,csa four bravo echo ruzyne tower
uwb-atcc_TWR-9Iu4HV_001671_001857_PI,ruzyne tower csa eight two eight
uwb-atcc_TWR-9Iu4HV_001946_002132_AT,csa eight two eight ruzyne tower
uwb-atcc_TWR-9jWoFY_000089_000415_PI,ruzyne tower oscar kilo papa india alfa radial now
uwb-atcc_TWR-9jWoFY_000537_000874_AT,oscar kilo k papa india alfa tower number two
uwb-atcc_TWR-9MP7Z2_000000_000124_AT,ruzyne tower
uwb-atcc_TWR-9MP7Z2_000163_000963_PI,sky travel six one eight stand one five information november one zero one eight request starting and destination hurgha
uwb-atcc_TWR-9MP7Z2_001075_001152_AT,two alfa charlie
uwb-atcc_TWR-9MP7Z2_001372_001472_AT,rghada
uwb-atcc_TWR-9MP7Z2_001930_002508_PI,startup approved and cleared to destination hurghada via voz one alfa departure with squawk one four zero two sky travel six four nine
uwb-atcc_TWR-9Nlpvj_000079_000542_PI,ground good evening again el al five two two ready for
uwb-atcc_TWR-9Nlpvj_000644_000975_AT,hello el al five two two ruzyne tower push back approve
uwb-atcc_TWR-9Nlpvj_001110_001220_PI,el al five
uwb-atcc_TWR-9PLbqg_000000_000284_AT,emirates one four zero line up runway one three
uwb-atcc_TWR-9PLbqg_000347_000613_PI,way one three line up and wait emirates one four zero
uwb-atcc_TWR-9qElIy_000183_000429_AT,csa eight lima charlie papa lima ground one two one eight zero
uwb-atcc_TWR-9qElIy_000546_000789_PI,p lima ground one two one eight zero
uwb-atcc_TWR-9qElIy_001212_001534_AT,csa eight seven whiskey runway one three clear to land wind zero nine zero degree
uwb-atcc_TWR-9qElIy_001635_001787_PI,clear to land runway one three
uwb-atcc_TWR-9qElIy_002115_002344_PI,ruzyne tower csa six three four
uwb-atcc_TWR-9qElIy_002428_002589_PI,d sequence ready
uwb-atcc_TWR-9qElIy_002656_002765_AT,roger
uwb-atcc_TWR-9rIjIB_000000_000484_PI,five five six on the stand five two standby
uwb-atcc_TWR-9rIjIB_000508_000959_AT,yeah yeah yeah that was car working on the hotel taxiway so
uwb-atcc_TWR-9rIjIB_000989_001237_AT,hate to call the most so standby second
uwb-atcc_TWR-9rIjIB_001430_001527_PI,standby one zero
uwb-atcc_TWR-9rIjIB_002151_002936_PI,wizz air five nine one stand five three information november ready to copy atc
uwb-atcc_TWR-9rIjIB_003041_003508_AT,yes standby second wizz air five five six now taxi to the right via hotel lima holding point r
uwb-atcc_TWR-9rIjIB_003647_004036_PI,taxi to the right hotel lima holding point runway three one wizair five five six
uwb-atcc_TWR-9rIjIB_004201_004629_PI,praha csa three five delta ils lo three one
uwb-atcc_TWR-9rIjIB_004718_004851_AT,three five delta
uwb-atcc_TWR-9tV3F4_000188_000725_PI,tower good morning sky travel one one nine three we re established
uwb-atcc_TWR-9tV3F4_000768_000863_PI,to runway three one
uwb-atcc_TWR-9tV3F4_001023_001403_AT,sky travel one one nine three tower good morning continue approach
uwb-atcc_TWR-9tV3F4_001433_001534_PI,tinue approach sky travel on
uwb-atcc_TWR-9tV3F4_001589_001638_PI,three
uwb-atcc_TWR-9tYH6O_000000_000337_PI,ruzyne tower zero one heliport
uwb-atcc_TWR-9w08AK_000125_000752_PI,ruzyne tower csa seven three zero approaching holding point runway three one on romeo and we are fully ready for departu
uwb-atcc_TWR-9w08AK_000886_001394_AT,csa seven three zero roger line up runway three one cleared for takeoff wind calm
uwb-atcc_TWR-9w08AK_001473_002007_PIAT,lining up runway three one and clear takeoff
uwb-atcc_TWR-9XCiOI_000000_000426_PI,oscar kilo bravo yankee hotel
uwb-atcc_TWR-9XCiOI_000559_000827_AT,o yankee hotel
uwb-atcc_TWR-16KQY0_000000_000476_AT,csa eight zero four runway one three cleared for takeoff wind one six zero degrees three knots
uwb-atcc_TWR-16KQY0_000549_000982_PI,cleared for takeoff one three csa one zero four
uwb-atcc_TWR-28mKGB_000213_000628_AT,kilo golf line up runway three one cleared for takeoff wind zero three zero degrees six knots
uwb-atcc_TWR-28mKGB_000704_001118_PI,line up runway three one cleared for takeoff csa six kilo golf
uwb-atcc_TWR-29ggrL_000143_000438_PI,tower hello lufthansa two uniform xray ils three one
uwb-atcc_TWR-29ggrL_000635_001254_AT,lufthansa two uniform xray tower good morning runway three one cleared to land wind one six zero degrees four knots
uwb-atcc_TWR-29ggrL_001311_001559_PI,lufthansa two uniform xray runway three one cleared to land
uwb-atcc_TWR-29oNz1_000073_000145_PI,ruzyne tower
uwb-atcc_TWR-29oNz1_000684_001165_AT,good morning finn air eight romeo golf ruzyne tower runway three one clear to land wind zero two zero
uwb-atcc_TWR-29oNz1_001198_001273_AT,two knots
uwb-atcc_TWR-34WskE_000160_000631_AT,csa nine seven six runway three one wind calm
uwb-atcc_TWR-34WskE_000681_000871_PI,runway three one cleared c
uwb-atcc_TWR-36E2k5_000000_000508_PIAT,oscar kilo india uniform oscar jedna dva za minutko mimo ce te er prejdete na vlastni naslys
uwb-atcc_TWR-36E2k5_001218_001299_PI,tower good evening
uwb-atcc_TWR-36E2k5_001331_001503_PI,anex eight eight papa romeo
uwb-atcc_TWR-36E2k5_001611_001987_AT,channex eight eight papa romeo hello roger ready for deparure
uwb-atcc_TWR-36E2k5_002143_002219_PI,affirm
uwb-atcc_TWR-36E2k5_002350_002628_AT,chanex eight eight papa romeo line up runway one three
uwb-atcc_TWR-36E2k5_002722_002909_PI,runway one three
uwb-atcc_TWR-36jhEX_000000_000250_PI,ruzyne tower csa five kilo papa
uwb-atcc_TWR-36jhEX_000285_000591_AT,csa five kilo papa ruzyne tower continue approach
uwb-atcc_TWR-41VOW9_000000_000284_PI,ruzyne tower csa one nine six three
uwb-atcc_TWR-41VOW9_000337_000463_PI,ceeding visually runway one three
uwb-atcc_TWR-41VOW9_000529_000860_PIAT,csa one nine six three continue wilco
uwb-atcc_TWR-41VOW9_001497_001687_AT,jobair zero eight two
uwb-atcc_TWR-41VOW9_001720_002014_AT,vacate left and contact groudn one two one point nine
uwb-atcc_TWR-41VOW9_002150_002389_PI,via papa one two one nine jobair zero eight two
uwb-atcc_TWR-43trgO_000118_000341_PI,tower hello nor shuttle one five zero three
uwb-atcc_TWR-43trgO_000592_000968_AT,nor shuttle one five zero three hello ruzyne tower are you ready
uwb-atcc_TWR-43trgO_001077_001177_PI,we
uwb-atcc_TWR-43trgO_001352_001673_AT,nor shuttle one five zero three line up runway three one
uwb-atcc_TWR-43trgO_001757_001838_PI,lining up
uwb-atcc_TWR-56AMC3_000085_000771_PIAT,swiss one two five victor line up runway three one be ready for immediate departure lining up and wait runway three one and be ready
uwb-atcc_TWR-59W4r5_000172_000563_PI,ruzyne tower csa three charlie zulu establish ils one three
uwb-atcc_TWR-59W4r5_000585_000798_AT,csa three charlie zulu ruzyne tow
uwb-atcc_TWR-59W4r5_000983_001227_AT,continue approach csa three charlie zulu
uwb-atcc_TWR-62fYPg_000071_000819_AT,o yankee romeo bravo vfr
uwb-atcc_TWR-62fYPg_001521_001759_PI,informace o provozu prijali nemam vizualni konta
uwb-atcc_TWR-65VCAD_000149_000533_PI,yne tower lot five two seven final three one
uwb-atcc_TWR-65VCAD_000571_000851_AT,lot five two seven ruzyne tower
uwb-atcc_TWR-65VCAD_000916_001361_AT,runway three one cleared to land wind zero six zero degrees and six knots
uwb-atcc_TWR-65VCAD_001383_001599_PI,cleared to land three one lot five two seven
uwb-atcc_TWR-65VCAD_001971_002680_AT,lot five two seven traffic information about two miles left of axis runway three one there is low vfr traffic
uwb-atcc_TWR-65VCAD_002680_003097_AT,holding at altitude two thousand feet not crossing axis runway three one
uwb-atcc_TWR-65VCAD_003097_003277_PI,copy it lot five two seven
uwb-atcc_TWR-71Lr9C_000150_000668_AT,csa nine on five six runway one three cleared for takeoff wind one five zero degrees three knots
uwb-atcc_TWR-71Lr9C_001197_001671_AT,csa nine five six runway one three cleared for takeoff wind one five zero degrees three knots
uwb-atcc_TWR-71Lr9C_001716_002018_PI,cleared for takeoff runway one three csa nine five six
uwb-atcc_TWR-71Lr9C_002217_002403_PI,tower csa
uwb-atcc_TWR-71Lr9C_002429_003075_PIAT,two six and ready for departure csa eight two six ruzyne tower line up runway one three and wait
uwb-atcc_TWR-71Lr9C_003143_003420_PI,line up runway one three and wait csa eight two six
uwb-atcc_TWR-86NfsI_000000_000573_AT,sky travel one zero one zero runway three one cleared for takeoff wind one nine zero degrees five knots
uwb-atcc_TWR-86NfsI_000620_000905_PI,cleared for takeoff three one sky travel one zero one zero
uwb-atcc_TWR-86NfsI_001438_001882_PI,ruzyne tower sky travel one zero three eight on taxiway
uwb-atcc_TWR-86NfsI_001926_002134_PI,lima radio
uwb-atcc_TWR-86NfsI_002214_002539_AT,sky travel one zero three eight ruzyne tower good afternoon roger
uwb-atcc_TWR-87ije7_000076_000556_AT,hotel foxtrot three contact ruzyne ground one two one decimal nine good bye
uwb-atcc_TWR-87ije7_000594_000732_PI,one two one nine good day
uwb-atcc_TWR-87ije7_001168_001780_AT,csa three delta zulu runway three one clear to takeoff wind one zero zero degrees and five knots
uwb-atcc_TWR-87ije7_001888_002457_PI,runway three one cleared for takeoff csa two delta zulu
uwb-atcc_TWR-88efCF_000131_000503_PIAT,csa five seven two one line up runway three one lining up runway three one c
uwb-atcc_TWR-88efCF_001354_002003_AT,csa four echo line up runway three one and wait number two for departure number one atr intersection romeo
uwb-atcc_TWR-88efCF_002066_002459_PI,csa four echo line up runway three one and wait number two for de departure
uwb-atcc_TWR-88efCF_002886_003213_PI,ruzyne tower csa seven tango ready
uwb-atcc_TWR-88efCF_003238_003479_AT,csa seven tango ruzyne tower
uwb-atcc_TWR-88efCF_003734_004052_AT,csa eight two seven ground one two one decimal nine
uwb-atcc_TWR-88efCF_004081_004158_PI,one two one nine
uwb-atcc_TWR-88efCF_004352_004720_AT,csa five seven two runway three one cleared for takeoff wind one eight zero degrees
uwb-atcc_TWR-88efCF_004751_005029_PIAT,runway three one cleared for takeoff
uwb-atcc_TWR-88Pgy4_000000_000621_PI,easy three eight papa golf spoken to clearance and
uwb-atcc_TWR-88Pgy4_000621_001164_PI,and departure time is now three six we believe we can go five minutes before that so requesting
uwb-atcc_TWR-88Pgy4_001185_001259_PI,parture
uwb-atcc_TWR-88Pgy4_001299_002019_PIAT,easy three eight papa golf i m still waiting for message for your flight so wait please ok we re standing
uwb-atcc_TWR-89zbqT_000000_000459_AT,csa eight zero three runway one three clear to land wind three six zero degrees seven knots
uwb-atcc_TWR-89zbqT_000569_000916_AT,csa eight zero three cleared to land runway one three
uwb-atcc_TWR-89zbqT_000952_001382_AT,csa nine two seven left lima and ground one two one decimal nine
uwb-atcc_TWR-89zbqT_001409_001773_PI,to the left via lima one two one decimal nine csa nine two seven
uwb-atcc_TWR-97wOfU_000105_000305_AT,follow echo alfa
uwb-atcc_TWR-97wOfU_000395_000498_PI,e alfa
uwb-atcc_TWR-145EpP_000000_000451_PI,ruzyne tower csa nine zero five established ils one three
uwb-atcc_TWR-145EpP_000487_000994_AT,csa nine zero five ruzyne tower runway one three cleared to land wind two zero zero degrees
uwb-atcc_TWR-145EpP_001078_001407_PI,runway one three cleared to land csa nine zero fi
uwb-atcc_TWR-345Jix_000000_000301_AT,csa five six zero line up runway one three
uwb-atcc_TWR-345Jix_000368_000613_PI,line up runway one three csa five six zero
uwb-atcc_TWR-898Sku_000179_000686_AT,csa five zero four runway three one cleared for takeoff wind two zero zero degrees three knots
uwb-atcc_TWR-898Sku_000749_001040_PI,cleared for takeoff runway three one csa five zero four
uwb-atcc_TWR-952cUz_000000_000607_AT,o kilo uniform india oscar kilo india uniform oscar
uwb-atcc_TWR-952cUz_000900_001019_PI,k oscar kilo
uwb-atcc_TWR-34720N_000202_000453_PI,ruzyne tower good evening el al five two two
uwb-atcc_TWR-34720N_000693_000797_AT,good evening el al five
uwb-atcc_TWR-34720N_000911_001089_PI,we are ready
